<?xml version="1.0" encoding="UTF-8"?><idempiere Name="AD_SysConfig" Version="1.0.0" idempiereVersion="10.0.0.202402070707" DataBaseVersion="2022-12-24" Description="" Author="SuperUser" AuthorEmail="superuser @ idempiere.com" CreatedDate="Mon Jul 22 17:23:13 UTC 2024" UpdatedDate="Mon Jul 22 17:23:13 UTC 2024" PackOutVersion="100" UpdateDictionary="true" Client="0-SYSTEM-System" AD_Client_UU="11237b53-9592-4af1-b3c5-afd216514b5d">
    <AD_SysConfig type="table">
        <AD_Client_ID>0</AD_Client_ID>
        <AD_Org_ID>0</AD_Org_ID>
        <AD_Org_ID reference="id">0</AD_Org_ID>
        <IsActive>Y</IsActive>
        <Name>ENABLE_MULTI_ASI_EDITOR</Name>
        <Value>Y</Value>
        <Description/>
        <EntityType>U</EntityType>
        <ConfigurationLevel>C</ConfigurationLevel>
        <AD_SysConfig_UU>68181c4b-da67-4cd5-aa47-eba7844a9b43</AD_SysConfig_UU>
    </AD_SysConfig>
</idempiere>
